[[{"location":"C:\\Program Files\\Java\\jre1.8.0_45","type":"JRE","hints":{"EXECUTION_ENVIRONMENT":"JavaSE-1.7"}},"jre:jre:1.7.0"],[{"location":"D:\\Users\\Joseph\\workspaces\\Alpha Game\\joe.annotations","type":"PROJECT","hints":{"PROJECT_NAME":"joe.annotations"}},"ABSENT"],[{"location":"D:\\Users\\Joseph\\workspaces\\Alpha Game\\joe.game.base","type":"PROJECT","hints":{"PROJECT_NAME":"joe.game.base"}},"ABSENT"],[{"location":"D:\\Users\\Joseph\\workspaces\\Alpha Game\\joe.classes","type":"PROJECT","hints":{"PROJECT_NAME":"joe.classes"}},"ABSENT"],[{"location":"C:\\Program Files\\Java\\jre1.8.0_45","type":"JRE","hints":{"EXECUTION_ENVIRONMENT":"JavaSE-1.8"}},"jre:jre:1.8.0"],[{"location":"D:\\Users\\Joseph\\workspaces\\Alpha Game\\Alpha5","type":"PROJECT","hints":{"PROJECT_NAME":"Alpha5"}},"ABSENT"]]